RUN_NAME	Dog_1	Dog_2	Dog_3	Dog_4	Dog_5	Patient_1	Patient_2	all	has_pseudo	classifier	features
LR_C=1e-09_ica_timesingle_1	0.493650826446	0.561320308192	0.585297520661	0.6094727546	0.607732782369	0.395939028292	0.370909090909	0.392565678808	y	LogisticRegression(C=1e-09, class_weight=None, dual=False, fit_intercept=True, intercept_scaling=1, max_iter=100, multi_class='ovr', n_jobs=1, penalty='l2', random_state=5440, solver='sag', tol=0.0001, verbose=0, warm_start=False)	cln,ica,dwn_feat_lmom-1_;cln,ica,dwn_feat_lmom-2_;cln,ica,dwn_feat_lmom-3_;cln,ica,dwn_feat_lmom-4_;cln,ica,dwn_feat_lmom-5_;cln,ica,dwn_feat_lmom-6_;cln,ica,dwn_feat_var_;cln,ica,dwn_feat_act_
LR_C=1e-05_ica_timesingle_1	0.557061983471	0.574317428456	0.58923553719	0.748569495683	0.666694214876	0.41214892134	0.442190082645	0.674631694039	y	LogisticRegression(C=1e-05, class_weight=None, dual=False, fit_intercept=True, intercept_scaling=1, max_iter=100, multi_class='ovr', n_jobs=1, penalty='l2', random_state=5440, solver='sag', tol=0.0001, verbose=0, warm_start=False)	cln,ica,dwn_feat_lmom-1_;cln,ica,dwn_feat_lmom-2_;cln,ica,dwn_feat_lmom-3_;cln,ica,dwn_feat_lmom-4_;cln,ica,dwn_feat_lmom-5_;cln,ica,dwn_feat_lmom-6_;cln,ica,dwn_feat_var_;cln,ica,dwn_feat_act_
LR_C=10.0_raw_timesingle_1	0.614667355372	0.827176555298	0.806435950413	0.754989619054	0.841950413223	0.677938891174	0.463884297521	0.729620607395	y	LogisticRegression(C=10.0, class_weight=None, dual=False, fit_intercept=True, intercept_scaling=1, max_iter=100, multi_class='ovr', n_jobs=1, penalty='l2', random_state=5440, solver='sag', tol=0.0001, verbose=0, warm_start=False)	cln,raw,dwn_feat_lmom-1_;cln,raw,dwn_feat_lmom-2_;cln,raw,dwn_feat_lmom-3_;cln,raw,dwn_feat_lmom-4_;cln,raw,dwn_feat_lmom-5_;cln,raw,dwn_feat_lmom-6_;cln,raw,dwn_feat_var_;cln,raw,dwn_feat_act_
LR_C=0.1_ica_timesingle_1	0.601987603306	0.701759741049	0.745161157025	0.777450453062	0.852280991736	0.671194410165	0.21458677686	0.666724623054	y	LogisticRegression(C=0.1, class_weight=None, dual=False, fit_intercept=True, intercept_scaling=1, max_iter=100, multi_class='ovr', n_jobs=1, penalty='l2', random_state=5440, solver='sag', tol=0.0001, verbose=0, warm_start=False)	cln,ica,dwn_feat_lmom-1_;cln,ica,dwn_feat_lmom-2_;cln,ica,dwn_feat_lmom-3_;cln,ica,dwn_feat_lmom-4_;cln,ica,dwn_feat_lmom-5_;cln,ica,dwn_feat_lmom-6_;cln,ica,dwn_feat_var_;cln,ica,dwn_feat_act_
LR_C=1.0_raw_timesingle_1	0.608526859504	0.840331546301	0.805896694215	0.754906571489	0.842595041322	0.67831168015	0.456570247934	0.73128956785	y	LogisticRegression(C=1.0, class_weight=None, dual=False, fit_intercept=True, intercept_scaling=1, max_iter=100, multi_class='ovr', n_jobs=1, penalty='l2', random_state=5440, solver='sag', tol=0.0001, verbose=0, warm_start=False)	cln,raw,dwn_feat_lmom-1_;cln,raw,dwn_feat_lmom-2_;cln,raw,dwn_feat_lmom-3_;cln,raw,dwn_feat_lmom-4_;cln,raw,dwn_feat_lmom-5_;cln,raw,dwn_feat_lmom-6_;cln,raw,dwn_feat_var_;cln,raw,dwn_feat_act_
LR_C=0.1_raw_timesingle_1	0.573657024793	0.885401522186	0.80225	0.754068297625	0.849239669421	0.67502085333	0.396280991736	0.732136893293	y	LogisticRegression(C=0.1, class_weight=None, dual=False, fit_intercept=True, intercept_scaling=1, max_iter=100, multi_class='ovr', n_jobs=1, penalty='l2', random_state=5440, solver='sag', tol=0.0001, verbose=0, warm_start=False)	cln,raw,dwn_feat_lmom-1_;cln,raw,dwn_feat_lmom-2_;cln,raw,dwn_feat_lmom-3_;cln,raw,dwn_feat_lmom-4_;cln,raw,dwn_feat_lmom-5_;cln,raw,dwn_feat_lmom-6_;cln,raw,dwn_feat_var_;cln,raw,dwn_feat_act_
LR_C=1e-09_raw_freqcross_1	0.623776859504	0.845049549324	0.611824380165	0.763149642249	0.782280991736	0.274646921706	0.54194214876	0.468764183258	y	LogisticRegression(C=1e-09, class_weight=None, dual=False, fit_intercept=True, intercept_scaling=1, max_iter=100, multi_class='ovr', n_jobs=1, penalty='l2', random_state=5440, solver='sag', tol=0.0001, verbose=0, warm_start=False)	cln,raw,dwn_feat_coher_logf_;cln,raw,dwn_feat_FFTcorrcoef_;cln,raw,dwn_feat_FFTcorrcoefeig_;cln,raw,dwn_feat_PSDcorrcoef_;cln,raw,dwn_feat_PSDcorrcoefeig_;cln,raw,dwn_feat_PSDlogfcorrcoef_;cln,raw,dwn_feat_PSDlogfcorrcoefeig_
LR_C=1e-05_ica_timesingle_1	0.557061983471	0.574317428456	0.58923553719	0.748569495683	0.666694214876	0.486253942136	0.484710743802	0.675875386121	y	LogisticRegression(C=1e-05, class_weight=None, dual=False, fit_intercept=True, intercept_scaling=1, max_iter=5000, multi_class='ovr', n_jobs=1, penalty='l2', random_state=5440, solver='sag', tol=0.0001, verbose=0, warm_start=False)	cln,ica,dwn_feat_lmom-1_;cln,ica,dwn_feat_lmom-2_;cln,ica,dwn_feat_lmom-3_;cln,ica,dwn_feat_lmom-4_;cln,ica,dwn_feat_lmom-5_;cln,ica,dwn_feat_lmom-6_;cln,ica,dwn_feat_var_;cln,ica,dwn_feat_act_
LR_C=1e-09_ica_timesingle_1	0.493650826446	0.561320308192	0.585297520661	0.6094727546	0.607732782369	0.395939028292	0.370909090909	0.392565678808	y	LogisticRegression(C=1e-09, class_weight=None, dual=False, fit_intercept=True, intercept_scaling=1, max_iter=5000, multi_class='ovr', n_jobs=1, penalty='l2', random_state=5440, solver='sag', tol=0.0001, verbose=0, warm_start=False)	cln,ica,dwn_feat_lmom-1_;cln,ica,dwn_feat_lmom-2_;cln,ica,dwn_feat_lmom-3_;cln,ica,dwn_feat_lmom-4_;cln,ica,dwn_feat_lmom-5_;cln,ica,dwn_feat_lmom-6_;cln,ica,dwn_feat_var_;cln,ica,dwn_feat_act_
LR_C=0.1_raw_timesingle_1	0.574731404959	0.888452194255	0.802287190083	0.754390256908	0.841966942149	0.673939622469	0.376776859504	0.734411337432	y	LogisticRegression(C=0.1, class_weight=None, dual=False, fit_intercept=True, intercept_scaling=1, max_iter=5000, multi_class='ovr', n_jobs=1, penalty='l2', random_state=5440, solver='sag', tol=0.0001, verbose=0, warm_start=False)	cln,raw,dwn_feat_lmom-1_;cln,raw,dwn_feat_lmom-2_;cln,raw,dwn_feat_lmom-3_;cln,raw,dwn_feat_lmom-4_;cln,raw,dwn_feat_lmom-5_;cln,raw,dwn_feat_lmom-6_;cln,raw,dwn_feat_var_;cln,raw,dwn_feat_act_
LR_C=0.1_ica_timesingle_1	0.607314049587	0.708104645916	0.748520661157	0.777186747048	0.853360881543	0.670154600302	0.206900826446	0.668167415971	y	LogisticRegression(C=0.1, class_weight=None, dual=False, fit_intercept=True, intercept_scaling=1, max_iter=5000, multi_class='ovr', n_jobs=1, penalty='l2', random_state=5440, solver='sag', tol=0.0001, verbose=0, warm_start=False)	cln,ica,dwn_feat_lmom-1_;cln,ica,dwn_feat_lmom-2_;cln,ica,dwn_feat_lmom-3_;cln,ica,dwn_feat_lmom-4_;cln,ica,dwn_feat_lmom-5_;cln,ica,dwn_feat_lmom-6_;cln,ica,dwn_feat_var_;cln,ica,dwn_feat_act_
LR_C=1.0_raw_timesingle_1	0.633295454545	0.84768165686	0.803024793388	0.755212967684	0.815873278237	0.681061177385	0.473636363636	0.736653362694	y	LogisticRegression(C=1.0, class_weight=None, dual=False, fit_intercept=True, intercept_scaling=1, max_iter=5000, multi_class='ovr', n_jobs=1, penalty='l2', random_state=5440, solver='sag', tol=0.0001, verbose=0, warm_start=False)	cln,raw,dwn_feat_lmom-1_;cln,raw,dwn_feat_lmom-2_;cln,raw,dwn_feat_lmom-3_;cln,raw,dwn_feat_lmom-4_;cln,raw,dwn_feat_lmom-5_;cln,raw,dwn_feat_lmom-6_;cln,raw,dwn_feat_var_;cln,raw,dwn_feat_act_
LR_C=10.0_raw_timesingle_1	0.670452479339	0.788954555513	0.801690082645	0.753828152858	0.796633608815	0.680094211344	0.518698347107	0.727926568187	y	LogisticRegression(C=10.0, class_weight=None, dual=False, fit_intercept=True, intercept_scaling=1, max_iter=5000, multi_class='ovr', n_jobs=1, penalty='l2', random_state=5440, solver='sag', tol=0.0001, verbose=0, warm_start=False)	cln,raw,dwn_feat_lmom-1_;cln,raw,dwn_feat_lmom-2_;cln,raw,dwn_feat_lmom-3_;cln,raw,dwn_feat_lmom-4_;cln,raw,dwn_feat_lmom-5_;cln,raw,dwn_feat_lmom-6_;cln,raw,dwn_feat_var_;cln,raw,dwn_feat_act_
LR_C=1e-07_ica_freqcross_1	0.541590909091	0.879845280759	0.745946280992	0.780552339629	0.929289256198	0.832450637598	0.297727272727	0.512906765147	y	LogisticRegression(C=1e-07, class_weight=None, dual=False, fit_intercept=True, intercept_scaling=1, max_iter=5000, multi_class='ovr', n_jobs=1, penalty='l2', random_state=5440, solver='sag', tol=0.0001, verbose=0, warm_start=False)	cln,ica,dwn_feat_coher_logf_;cln,ica,dwn_feat_FFTcorrcoef_;cln,ica,dwn_feat_FFTcorrcoefeig_;cln,ica,dwn_feat_PSDcorrcoef_;cln,ica,dwn_feat_PSDcorrcoefeig_;cln,ica,dwn_feat_PSDlogfcorrcoef_;cln,ica,dwn_feat_PSDlogfcorrcoefeig_
LR_C=1e-09_ica_timecross_1	0.529369834711	0.776871872661	0.692904958678	0.735890245244	0.900840220386	0.882472919238	0.13097107438	0.478557971679	y	LogisticRegression(C=1e-09, class_weight=None, dual=False, fit_intercept=True, intercept_scaling=1, max_iter=5000, multi_class='ovr', n_jobs=1, penalty='l2', random_state=5440, solver='sag', tol=0.0001, verbose=0, warm_start=False)	cln,ica,dwn_feat_ampcorrcoef-alpha_;cln,ica,dwn_feat_ampcorrcoef-alpha-eig_;cln,ica,dwn_feat_ampcorrcoef-beta_;cln,ica,dwn_feat_ampcorrcoef-beta-eig_;cln,ica,dwn_feat_ampcorrcoef-delta_;cln,ica,dwn_feat_ampcorrcoef-delta-eig_;cln,ica,dwn_feat_ampcorrcoef-high_gamma_;cln,ica,dwn_feat_ampcorrcoef-high_gamma-eig_;cln,ica,dwn_feat_ampcorrcoef-low_gamma_;cln,ica,dwn_feat_ampcorrcoef-low_gamma-eig_;cln,ica,dwn_feat_ampcorrcoef-theta_;cln,ica,dwn_feat_ampcorrcoef-theta-eig_;cln,ica,dwn_feat_corrcoef_;cln,ica,dwn_feat_corrcoefeig_;cln,ica,dwn_feat_cov_;cln,ica,dwn_feat_phase-alpha-dif_;cln,ica,dwn_feat_phase-alpha-sync_;cln,ica,dwn_feat_phase-beta-dif_;cln,ica,dwn_feat_phase-beta-sync_;cln,ica,dwn_feat_phase-delta-dif_;cln,ica,dwn_feat_phase-delta-sync_;cln,ica,dwn_feat_phase-high_gamma-dif_;cln,ica,dwn_feat_phase-high_gamma-sync_;cln,ica,dwn_feat_phase-low_gamma-dif_;cln,ica,dwn_feat_phase-low_gamma-sync_;cln,ica,dwn_feat_phase-theta-dif_;cln,ica,dwn_feat_phase-theta-sync_;cln,ica,dwn_feat_spearman_;cln,ica,dwn_feat_xcorr-tpeak_;cln,ica,dwn_feat_xcorr-twidth_;cln,ica,dwn_feat_xcorr-ypeak_
LR_C=1e-07_raw_freqcross_1	0.595146694215	0.816878768289	0.632373966942	0.766682629662	0.785079889807	0.279010409525	0.539504132231	0.495801373215	y	LogisticRegression(C=1e-07, class_weight=None, dual=False, fit_intercept=True, intercept_scaling=1, max_iter=5000, multi_class='ovr', n_jobs=1, penalty='l2', random_state=5440, solver='sag', tol=0.0001, verbose=0, warm_start=False)	cln,raw,dwn_feat_coher_logf_;cln,raw,dwn_feat_FFTcorrcoef_;cln,raw,dwn_feat_FFTcorrcoefeig_;cln,raw,dwn_feat_PSDcorrcoef_;cln,raw,dwn_feat_PSDcorrcoefeig_;cln,raw,dwn_feat_PSDlogfcorrcoef_;cln,raw,dwn_feat_PSDlogfcorrcoefeig_
LR_C=1e-05_ica_timecross_1	0.597900826446	0.869253445941	0.812421487603	0.783216193609	0.935807162534	0.884411136249	0.143223140496	0.772330183197	y	LogisticRegression(C=1e-05, class_weight=None, dual=False, fit_intercept=True, intercept_scaling=1, max_iter=5000, multi_class='ovr', n_jobs=1, penalty='l2', random_state=5440, solver='sag', tol=0.0001, verbose=0, warm_start=False)	cln,ica,dwn_feat_ampcorrcoef-alpha_;cln,ica,dwn_feat_ampcorrcoef-alpha-eig_;cln,ica,dwn_feat_ampcorrcoef-beta_;cln,ica,dwn_feat_ampcorrcoef-beta-eig_;cln,ica,dwn_feat_ampcorrcoef-delta_;cln,ica,dwn_feat_ampcorrcoef-delta-eig_;cln,ica,dwn_feat_ampcorrcoef-high_gamma_;cln,ica,dwn_feat_ampcorrcoef-high_gamma-eig_;cln,ica,dwn_feat_ampcorrcoef-low_gamma_;cln,ica,dwn_feat_ampcorrcoef-low_gamma-eig_;cln,ica,dwn_feat_ampcorrcoef-theta_;cln,ica,dwn_feat_ampcorrcoef-theta-eig_;cln,ica,dwn_feat_corrcoef_;cln,ica,dwn_feat_corrcoefeig_;cln,ica,dwn_feat_cov_;cln,ica,dwn_feat_phase-alpha-dif_;cln,ica,dwn_feat_phase-alpha-sync_;cln,ica,dwn_feat_phase-beta-dif_;cln,ica,dwn_feat_phase-beta-sync_;cln,ica,dwn_feat_phase-delta-dif_;cln,ica,dwn_feat_phase-delta-sync_;cln,ica,dwn_feat_phase-high_gamma-dif_;cln,ica,dwn_feat_phase-high_gamma-sync_;cln,ica,dwn_feat_phase-low_gamma-dif_;cln,ica,dwn_feat_phase-low_gamma-sync_;cln,ica,dwn_feat_phase-theta-dif_;cln,ica,dwn_feat_phase-theta-sync_;cln,ica,dwn_feat_spearman_;cln,ica,dwn_feat_xcorr-tpeak_;cln,ica,dwn_feat_xcorr-twidth_;cln,ica,dwn_feat_xcorr-ypeak_
LR_C=1.0_ica_timesingle_1	0.628675619835	0.650427271583	0.761481404959	0.76408925947	0.857333333333	0.727098473422	0.226446280992	0.682775713368	y	LogisticRegression(C=1.0, class_weight=None, dual=False, fit_intercept=True, intercept_scaling=1, max_iter=5000, multi_class='ovr', n_jobs=1, penalty='l2', random_state=5440, solver='sag', tol=0.0001, verbose=0, warm_start=False)	cln,ica,dwn_feat_lmom-1_;cln,ica,dwn_feat_lmom-2_;cln,ica,dwn_feat_lmom-3_;cln,ica,dwn_feat_lmom-4_;cln,ica,dwn_feat_lmom-5_;cln,ica,dwn_feat_lmom-6_;cln,ica,dwn_feat_var_;cln,ica,dwn_feat_act_
LR_C=0.001_raw_freqcross_1	0.630384297521	0.981756463333	0.819892561983	0.75927633311	0.970865013774	0.672158519585	0.44805785124	0.784377312903	y	LogisticRegression(C=0.001, class_weight=None, dual=False, fit_intercept=True, intercept_scaling=1, max_iter=5000, multi_class='ovr', n_jobs=1, penalty='l2', random_state=5440, solver='sag', tol=0.0001, verbose=0, warm_start=False)	cln,raw,dwn_feat_coher_logf_;cln,raw,dwn_feat_FFTcorrcoef_;cln,raw,dwn_feat_FFTcorrcoefeig_;cln,raw,dwn_feat_PSDcorrcoef_;cln,raw,dwn_feat_PSDcorrcoefeig_;cln,raw,dwn_feat_PSDlogfcorrcoef_;cln,raw,dwn_feat_PSDlogfcorrcoefeig_
LR_C=100.0_ica_timesingle_1	0.596791322314	0.634350883051	0.762816115702	0.76029066648	0.847468319559	0.846619475296	0.318842975207	0.692885050616	y	LogisticRegression(C=100.0, class_weight=None, dual=False, fit_intercept=True, intercept_scaling=1, max_iter=5000, multi_class='ovr', n_jobs=1, penalty='l2', random_state=5440, solver='sag', tol=0.0001, verbose=0, warm_start=False)	cln,ica,dwn_feat_lmom-1_;cln,ica,dwn_feat_lmom-2_;cln,ica,dwn_feat_lmom-3_;cln,ica,dwn_feat_lmom-4_;cln,ica,dwn_feat_lmom-5_;cln,ica,dwn_feat_lmom-6_;cln,ica,dwn_feat_var_;cln,ica,dwn_feat_act_
LR_C=0.01_ica_freqcross_1	0.639842975207	1.0	0.825834710744	0.759905121822	0.973460055096	0.87579128388	0.577396694215	0.833931553354	y	LogisticRegression(C=0.01, class_weight=None, dual=False, fit_intercept=True, intercept_scaling=1, max_iter=5000, multi_class='ovr', n_jobs=1, penalty='l2', random_state=5440, solver='sag', tol=0.0001, verbose=0, warm_start=False)	cln,ica,dwn_feat_coher_logf_;cln,ica,dwn_feat_FFTcorrcoef_;cln,ica,dwn_feat_FFTcorrcoefeig_;cln,ica,dwn_feat_PSDcorrcoef_;cln,ica,dwn_feat_PSDcorrcoefeig_;cln,ica,dwn_feat_PSDlogfcorrcoef_;cln,ica,dwn_feat_PSDlogfcorrcoefeig_
LR_C=1e-05_raw_freqsingle_1	0.506685950413	0.80144268809	0.828929752066	0.815548190583	0.928842975207	0.364100564468	0.546074380165	0.727436920818	y	LogisticRegression(C=1e-05, class_weight=None, dual=False, fit_intercept=True, intercept_scaling=1, max_iter=5000, multi_class='ovr', n_jobs=1, penalty='l2', random_state=5440, solver='sag', tol=0.0001, verbose=0, warm_start=False)	cln,raw,dwn_feat_FFT_;cln,raw,dwn_feat_pib_;cln,raw,dwn_feat_pib_ratio_;cln,raw,dwn_feat_pib_ratioBB_;cln,raw,dwn_feat_psd_;cln,raw,dwn_feat_psd_logf_;cln,raw,dwn_feat_psd_logfBB_
LR_C=0.001_raw_timecross_1	0.675061983471	0.9820226545	0.879433884298	0.75016402894	0.978958677686	0.61382918552	0.682231404959	0.832018380891	y	LogisticRegression(C=0.001, class_weight=None, dual=False, fit_intercept=True, intercept_scaling=1, max_iter=5000, multi_class='ovr', n_jobs=1, penalty='l2', random_state=5440, solver='sag', tol=0.0001, verbose=0, warm_start=False)	cln,raw,dwn_feat_ampcorrcoef-alpha_;cln,raw,dwn_feat_ampcorrcoef-alpha-eig_;cln,raw,dwn_feat_ampcorrcoef-beta_;cln,raw,dwn_feat_ampcorrcoef-beta-eig_;cln,raw,dwn_feat_ampcorrcoef-delta_;cln,raw,dwn_feat_ampcorrcoef-delta-eig_;cln,raw,dwn_feat_ampcorrcoef-high_gamma_;cln,raw,dwn_feat_ampcorrcoef-high_gamma-eig_;cln,raw,dwn_feat_ampcorrcoef-low_gamma_;cln,raw,dwn_feat_ampcorrcoef-low_gamma-eig_;cln,raw,dwn_feat_ampcorrcoef-theta_;cln,raw,dwn_feat_ampcorrcoef-theta-eig_;cln,raw,dwn_feat_corrcoef_;cln,raw,dwn_feat_corrcoefeig_;cln,raw,dwn_feat_cov_;cln,raw,dwn_feat_phase-alpha-dif_;cln,raw,dwn_feat_phase-alpha-sync_;cln,raw,dwn_feat_phase-beta-dif_;cln,raw,dwn_feat_phase-beta-sync_;cln,raw,dwn_feat_phase-delta-dif_;cln,raw,dwn_feat_phase-delta-sync_;cln,raw,dwn_feat_phase-high_gamma-dif_;cln,raw,dwn_feat_phase-high_gamma-sync_;cln,raw,dwn_feat_phase-low_gamma-dif_;cln,raw,dwn_feat_phase-low_gamma-sync_;cln,raw,dwn_feat_phase-theta-dif_;cln,raw,dwn_feat_phase-theta-sync_;cln,raw,dwn_feat_spearman_;cln,raw,dwn_feat_xcorr-tpeak_;cln,raw,dwn_feat_xcorr-twidth_;cln,raw,dwn_feat_xcorr-ypeak_
LR_C=1.0_ica_freqcross_1	0.68052892562	0.997386011607	0.750051652893	0.761765727216	0.972374655647	0.910353535354	0.588719008264	0.815804737438	y	LogisticRegression(C=1.0, class_weight=None, dual=False, fit_intercept=True, intercept_scaling=1, max_iter=5000, multi_class='ovr', n_jobs=1, penalty='l2', random_state=5440, solver='sag', tol=0.0001, verbose=0, warm_start=False)	cln,ica,dwn_feat_coher_logf_;cln,ica,dwn_feat_FFTcorrcoef_;cln,ica,dwn_feat_FFTcorrcoefeig_;cln,ica,dwn_feat_PSDcorrcoef_;cln,ica,dwn_feat_PSDcorrcoefeig_;cln,ica,dwn_feat_PSDlogfcorrcoef_;cln,ica,dwn_feat_PSDlogfcorrcoefeig_
LR_C=0.01_raw_timesingle_1	0.532033057851	0.895817884812	0.78102892562	0.749236908844	0.870914600551	0.645353421089	0.32152892562	0.723685047558	y	LogisticRegression(C=0.01, class_weight=None, dual=False, fit_intercept=True, intercept_scaling=1, max_iter=5000, multi_class='ovr', n_jobs=1, penalty='l2', random_state=5440, solver='sag', tol=0.0001, verbose=0, warm_start=False)	cln,raw,dwn_feat_lmom-1_;cln,raw,dwn_feat_lmom-2_;cln,raw,dwn_feat_lmom-3_;cln,raw,dwn_feat_lmom-4_;cln,raw,dwn_feat_lmom-5_;cln,raw,dwn_feat_lmom-6_;cln,raw,dwn_feat_var_;cln,raw,dwn_feat_act_
LR_C=1.0_raw_freqcross_1	0.610876033058	0.987190628572	0.819669421488	0.728730325359	0.976650137741	0.864276246629	0.571280991736	0.78453046151	y	LogisticRegression(C=1.0, class_weight=None, dual=False, fit_intercept=True, intercept_scaling=1, max_iter=5000, multi_class='ovr', n_jobs=1, penalty='l2', random_state=5440, solver='sag', tol=0.0001, verbose=0, warm_start=False)	cln,raw,dwn_feat_coher_logf_;cln,raw,dwn_feat_FFTcorrcoef_;cln,raw,dwn_feat_FFTcorrcoefeig_;cln,raw,dwn_feat_PSDcorrcoef_;cln,raw,dwn_feat_PSDcorrcoefeig_;cln,raw,dwn_feat_PSDlogfcorrcoef_;cln,raw,dwn_feat_PSDlogfcorrcoefeig_
LR_C=1e-07_raw_timesingle_1	0.539929752066	0.556376370547	0.625311983471	0.751853540352	0.583245179063	0.279041832351	0.521012396694	0.451479111233	y	LogisticRegression(C=1e-07, class_weight=None, dual=False, fit_intercept=True, intercept_scaling=1, max_iter=5000, multi_class='ovr', n_jobs=1, penalty='l2', random_state=5440, solver='sag', tol=0.0001, verbose=0, warm_start=False)	cln,raw,dwn_feat_lmom-1_;cln,raw,dwn_feat_lmom-2_;cln,raw,dwn_feat_lmom-3_;cln,raw,dwn_feat_lmom-4_;cln,raw,dwn_feat_lmom-5_;cln,raw,dwn_feat_lmom-6_;cln,raw,dwn_feat_var_;cln,raw,dwn_feat_act_
LR_C=0.001_ica_freqcross_1	0.645376033058	0.997879591859	0.838661157025	0.757343011107	0.972490358127	0.826173214041	0.534669421488	0.841813469126	y	LogisticRegression(C=0.001, class_weight=None, dual=False, fit_intercept=True, intercept_scaling=1, max_iter=5000, multi_class='ovr', n_jobs=1, penalty='l2', random_state=5440, solver='sag', tol=0.0001, verbose=0, warm_start=False)	cln,ica,dwn_feat_coher_logf_;cln,ica,dwn_feat_FFTcorrcoef_;cln,ica,dwn_feat_FFTcorrcoefeig_;cln,ica,dwn_feat_PSDcorrcoef_;cln,ica,dwn_feat_PSDcorrcoefeig_;cln,ica,dwn_feat_PSDlogfcorrcoef_;cln,ica,dwn_feat_PSDlogfcorrcoefeig_
LR_C=0.1_raw_freqcross_1	0.621958677686	0.989062545606	0.825	0.750450096478	0.976787878788	0.858631564514	0.559421487603	0.785020797015	y	LogisticRegression(C=0.1, class_weight=None, dual=False, fit_intercept=True, intercept_scaling=1, max_iter=5000, multi_class='ovr', n_jobs=1, penalty='l2', random_state=5440, solver='sag', tol=0.0001, verbose=0, warm_start=False)	cln,raw,dwn_feat_coher_logf_;cln,raw,dwn_feat_FFTcorrcoef_;cln,raw,dwn_feat_FFTcorrcoefeig_;cln,raw,dwn_feat_PSDcorrcoef_;cln,raw,dwn_feat_PSDcorrcoefeig_;cln,raw,dwn_feat_PSDlogfcorrcoef_;cln,raw,dwn_feat_PSDlogfcorrcoefeig_
LR_C=10.0_ica_freqcross_1	0.680194214876	0.997197621822	0.746458677686	0.760036291653	0.97235261708	0.911051979067	0.592479338843	0.815352249442	y	LogisticRegression(C=10.0, class_weight=None, dual=False, fit_intercept=True, intercept_scaling=1, max_iter=5000, multi_class='ovr', n_jobs=1, penalty='l2', random_state=5440, solver='sag', tol=0.0001, verbose=0, warm_start=False)	cln,ica,dwn_feat_coher_logf_;cln,ica,dwn_feat_FFTcorrcoef_;cln,ica,dwn_feat_FFTcorrcoefeig_;cln,ica,dwn_feat_PSDcorrcoef_;cln,ica,dwn_feat_PSDcorrcoefeig_;cln,ica,dwn_feat_PSDlogfcorrcoef_;cln,ica,dwn_feat_PSDlogfcorrcoefeig_
LR_C=100.0_raw_freqcross_1	0.608669421488	0.986689849967	0.818119834711	0.726390963412	0.976567493113	0.863517813885	0.573966942149	0.782873734593	y	LogisticRegression(C=100.0, class_weight=None, dual=False, fit_intercept=True, intercept_scaling=1, max_iter=5000, multi_class='ovr', n_jobs=1, penalty='l2', random_state=5440, solver='sag', tol=0.0001, verbose=0, warm_start=False)	cln,raw,dwn_feat_coher_logf_;cln,raw,dwn_feat_FFTcorrcoef_;cln,raw,dwn_feat_FFTcorrcoefeig_;cln,raw,dwn_feat_PSDcorrcoef_;cln,raw,dwn_feat_PSDcorrcoefeig_;cln,raw,dwn_feat_PSDlogfcorrcoef_;cln,raw,dwn_feat_PSDlogfcorrcoefeig_
LR_C=10.0_ica_timesingle_1	0.609896694215	0.643226477556	0.762785123967	0.760705437749	0.854829201102	0.846375234243	0.309876033058	0.699290454782	y	LogisticRegression(C=10.0, class_weight=None, dual=False, fit_intercept=True, intercept_scaling=1, max_iter=5000, multi_class='ovr', n_jobs=1, penalty='l2', random_state=5440, solver='sag', tol=0.0001, verbose=0, warm_start=False)	cln,ica,dwn_feat_lmom-1_;cln,ica,dwn_feat_lmom-2_;cln,ica,dwn_feat_lmom-3_;cln,ica,dwn_feat_lmom-4_;cln,ica,dwn_feat_lmom-5_;cln,ica,dwn_feat_lmom-6_;cln,ica,dwn_feat_var_;cln,ica,dwn_feat_act_
LR_C=0.01_ica_timecross_1	0.689181818182	0.995645686392	0.832995867769	0.79204959526	0.980159779614	0.871149275561	0.520330578512	0.844363167875	y	LogisticRegression(C=0.01, class_weight=None, dual=False, fit_intercept=True, intercept_scaling=1, max_iter=5000, multi_class='ovr', n_jobs=1, penalty='l2', random_state=5440, solver='sag', tol=0.0001, verbose=0, warm_start=False)	cln,ica,dwn_feat_ampcorrcoef-alpha_;cln,ica,dwn_feat_ampcorrcoef-alpha-eig_;cln,ica,dwn_feat_ampcorrcoef-beta_;cln,ica,dwn_feat_ampcorrcoef-beta-eig_;cln,ica,dwn_feat_ampcorrcoef-delta_;cln,ica,dwn_feat_ampcorrcoef-delta-eig_;cln,ica,dwn_feat_ampcorrcoef-high_gamma_;cln,ica,dwn_feat_ampcorrcoef-high_gamma-eig_;cln,ica,dwn_feat_ampcorrcoef-low_gamma_;cln,ica,dwn_feat_ampcorrcoef-low_gamma-eig_;cln,ica,dwn_feat_ampcorrcoef-theta_;cln,ica,dwn_feat_ampcorrcoef-theta-eig_;cln,ica,dwn_feat_corrcoef_;cln,ica,dwn_feat_corrcoefeig_;cln,ica,dwn_feat_cov_;cln,ica,dwn_feat_phase-alpha-dif_;cln,ica,dwn_feat_phase-alpha-sync_;cln,ica,dwn_feat_phase-beta-dif_;cln,ica,dwn_feat_phase-beta-sync_;cln,ica,dwn_feat_phase-delta-dif_;cln,ica,dwn_feat_phase-delta-sync_;cln,ica,dwn_feat_phase-high_gamma-dif_;cln,ica,dwn_feat_phase-high_gamma-sync_;cln,ica,dwn_feat_phase-low_gamma-dif_;cln,ica,dwn_feat_phase-low_gamma-sync_;cln,ica,dwn_feat_phase-theta-dif_;cln,ica,dwn_feat_phase-theta-sync_;cln,ica,dwn_feat_spearman_;cln,ica,dwn_feat_xcorr-tpeak_;cln,ica,dwn_feat_xcorr-twidth_;cln,ica,dwn_feat_xcorr-ypeak_
LR_C=100.0_raw_timesingle_1	0.681859504132	0.756556615346	0.801340909091	0.75366349073	0.791374655647	0.68171677179	0.531012396694	0.720984111692	y	LogisticRegression(C=100.0, class_weight=None, dual=False, fit_intercept=True, intercept_scaling=1, max_iter=5000, multi_class='ovr', n_jobs=1, penalty='l2', random_state=5440, solver='sag', tol=0.0001, verbose=0, warm_start=False)	cln,raw,dwn_feat_lmom-1_;cln,raw,dwn_feat_lmom-2_;cln,raw,dwn_feat_lmom-3_;cln,raw,dwn_feat_lmom-4_;cln,raw,dwn_feat_lmom-5_;cln,raw,dwn_feat_lmom-6_;cln,raw,dwn_feat_var_;cln,raw,dwn_feat_act_
LR_C=0.01_raw_freqcross_1	0.62332231405	0.992041677875	0.822272727273	0.763639829506	0.975922865014	0.809699083596	0.516074380165	0.797566061107	y	LogisticRegression(C=0.01, class_weight=None, dual=False, fit_intercept=True, intercept_scaling=1, max_iter=5000, multi_class='ovr', n_jobs=1, penalty='l2', random_state=5440, solver='sag', tol=0.0001, verbose=0, warm_start=False)	cln,raw,dwn_feat_coher_logf_;cln,raw,dwn_feat_FFTcorrcoef_;cln,raw,dwn_feat_FFTcorrcoefeig_;cln,raw,dwn_feat_PSDcorrcoef_;cln,raw,dwn_feat_PSDcorrcoefeig_;cln,raw,dwn_feat_PSDlogfcorrcoef_;cln,raw,dwn_feat_PSDlogfcorrcoefeig_
LR_C=1.0_raw_timecross_1	0.683842975207	0.98728839799	0.819962809917	0.777190146266	0.981641873278	0.871836292792	0.777355371901	0.849971786402	y	LogisticRegression(C=1.0, class_weight=None, dual=False, fit_intercept=True, intercept_scaling=1, max_iter=5000, multi_class='ovr', n_jobs=1, penalty='l2', random_state=5440, solver='sag', tol=0.0001, verbose=0, warm_start=False)	cln,raw,dwn_feat_ampcorrcoef-alpha_;cln,raw,dwn_feat_ampcorrcoef-alpha-eig_;cln,raw,dwn_feat_ampcorrcoef-beta_;cln,raw,dwn_feat_ampcorrcoef-beta-eig_;cln,raw,dwn_feat_ampcorrcoef-delta_;cln,raw,dwn_feat_ampcorrcoef-delta-eig_;cln,raw,dwn_feat_ampcorrcoef-high_gamma_;cln,raw,dwn_feat_ampcorrcoef-high_gamma-eig_;cln,raw,dwn_feat_ampcorrcoef-low_gamma_;cln,raw,dwn_feat_ampcorrcoef-low_gamma-eig_;cln,raw,dwn_feat_ampcorrcoef-theta_;cln,raw,dwn_feat_ampcorrcoef-theta-eig_;cln,raw,dwn_feat_corrcoef_;cln,raw,dwn_feat_corrcoefeig_;cln,raw,dwn_feat_cov_;cln,raw,dwn_feat_phase-alpha-dif_;cln,raw,dwn_feat_phase-alpha-sync_;cln,raw,dwn_feat_phase-beta-dif_;cln,raw,dwn_feat_phase-beta-sync_;cln,raw,dwn_feat_phase-delta-dif_;cln,raw,dwn_feat_phase-delta-sync_;cln,raw,dwn_feat_phase-high_gamma-dif_;cln,raw,dwn_feat_phase-high_gamma-sync_;cln,raw,dwn_feat_phase-low_gamma-dif_;cln,raw,dwn_feat_phase-low_gamma-sync_;cln,raw,dwn_feat_phase-theta-dif_;cln,raw,dwn_feat_phase-theta-sync_;cln,raw,dwn_feat_spearman_;cln,raw,dwn_feat_xcorr-tpeak_;cln,raw,dwn_feat_xcorr-twidth_;cln,raw,dwn_feat_xcorr-ypeak_
LR_C=10.0_ica_timecross_1	0.755363636364	0.995520997104	0.773909090909	0.774532524186	0.980716253444	0.881394544997	0.52479338843	0.826910802214	y	LogisticRegression(C=10.0, class_weight=None, dual=False, fit_intercept=True, intercept_scaling=1, max_iter=5000, multi_class='ovr', n_jobs=1, penalty='l2', random_state=5440, solver='sag', tol=0.0001, verbose=0, warm_start=False)	cln,ica,dwn_feat_ampcorrcoef-alpha_;cln,ica,dwn_feat_ampcorrcoef-alpha-eig_;cln,ica,dwn_feat_ampcorrcoef-beta_;cln,ica,dwn_feat_ampcorrcoef-beta-eig_;cln,ica,dwn_feat_ampcorrcoef-delta_;cln,ica,dwn_feat_ampcorrcoef-delta-eig_;cln,ica,dwn_feat_ampcorrcoef-high_gamma_;cln,ica,dwn_feat_ampcorrcoef-high_gamma-eig_;cln,ica,dwn_feat_ampcorrcoef-low_gamma_;cln,ica,dwn_feat_ampcorrcoef-low_gamma-eig_;cln,ica,dwn_feat_ampcorrcoef-theta_;cln,ica,dwn_feat_ampcorrcoef-theta-eig_;cln,ica,dwn_feat_corrcoef_;cln,ica,dwn_feat_corrcoefeig_;cln,ica,dwn_feat_cov_;cln,ica,dwn_feat_phase-alpha-dif_;cln,ica,dwn_feat_phase-alpha-sync_;cln,ica,dwn_feat_phase-beta-dif_;cln,ica,dwn_feat_phase-beta-sync_;cln,ica,dwn_feat_phase-delta-dif_;cln,ica,dwn_feat_phase-delta-sync_;cln,ica,dwn_feat_phase-high_gamma-dif_;cln,ica,dwn_feat_phase-high_gamma-sync_;cln,ica,dwn_feat_phase-low_gamma-dif_;cln,ica,dwn_feat_phase-low_gamma-sync_;cln,ica,dwn_feat_phase-theta-dif_;cln,ica,dwn_feat_phase-theta-sync_;cln,ica,dwn_feat_spearman_;cln,ica,dwn_feat_xcorr-tpeak_;cln,ica,dwn_feat_xcorr-twidth_;cln,ica,dwn_feat_xcorr-ypeak_
LR_C=1e-09_raw_freqcross_1	0.623776859504	0.845049549324	0.611824380165	0.763149642249	0.782280991736	0.274646921706	0.54194214876	0.468764183258	y	LogisticRegression(C=1e-09, class_weight=None, dual=False, fit_intercept=True, intercept_scaling=1, max_iter=5000, multi_class='ovr', n_jobs=1, penalty='l2', random_state=5440, solver='sag', tol=0.0001, verbose=0, warm_start=False)	cln,raw,dwn_feat_coher_logf_;cln,raw,dwn_feat_FFTcorrcoef_;cln,raw,dwn_feat_FFTcorrcoefeig_;cln,raw,dwn_feat_PSDcorrcoef_;cln,raw,dwn_feat_PSDcorrcoefeig_;cln,raw,dwn_feat_PSDlogfcorrcoef_;cln,raw,dwn_feat_PSDlogfcorrcoefeig_
LR_C=0.01_ica_timesingle_1	0.594946280992	0.749985997723	0.716830578512	0.788607220339	0.856214876033	0.666472416472	0.203140495868	0.661788390372	y	LogisticRegression(C=0.01, class_weight=None, dual=False, fit_intercept=True, intercept_scaling=1, max_iter=5000, multi_class='ovr', n_jobs=1, penalty='l2', random_state=5440, solver='sag', tol=0.0001, verbose=0, warm_start=False)	cln,ica,dwn_feat_lmom-1_;cln,ica,dwn_feat_lmom-2_;cln,ica,dwn_feat_lmom-3_;cln,ica,dwn_feat_lmom-4_;cln,ica,dwn_feat_lmom-5_;cln,ica,dwn_feat_lmom-6_;cln,ica,dwn_feat_var_;cln,ica,dwn_feat_act_
LR_C=0.1_ica_timecross_1	0.749380165289	0.998289848704	0.802977272727	0.790995071134	0.981239669421	0.883189930984	0.526404958678	0.828383720219	y	LogisticRegression(C=0.1, class_weight=None, dual=False, fit_intercept=True, intercept_scaling=1, max_iter=5000, multi_class='ovr', n_jobs=1, penalty='l2', random_state=5440, solver='sag', tol=0.0001, verbose=0, warm_start=False)	cln,ica,dwn_feat_ampcorrcoef-alpha_;cln,ica,dwn_feat_ampcorrcoef-alpha-eig_;cln,ica,dwn_feat_ampcorrcoef-beta_;cln,ica,dwn_feat_ampcorrcoef-beta-eig_;cln,ica,dwn_feat_ampcorrcoef-delta_;cln,ica,dwn_feat_ampcorrcoef-delta-eig_;cln,ica,dwn_feat_ampcorrcoef-high_gamma_;cln,ica,dwn_feat_ampcorrcoef-high_gamma-eig_;cln,ica,dwn_feat_ampcorrcoef-low_gamma_;cln,ica,dwn_feat_ampcorrcoef-low_gamma-eig_;cln,ica,dwn_feat_ampcorrcoef-theta_;cln,ica,dwn_feat_ampcorrcoef-theta-eig_;cln,ica,dwn_feat_corrcoef_;cln,ica,dwn_feat_corrcoefeig_;cln,ica,dwn_feat_cov_;cln,ica,dwn_feat_phase-alpha-dif_;cln,ica,dwn_feat_phase-alpha-sync_;cln,ica,dwn_feat_phase-beta-dif_;cln,ica,dwn_feat_phase-beta-sync_;cln,ica,dwn_feat_phase-delta-dif_;cln,ica,dwn_feat_phase-delta-sync_;cln,ica,dwn_feat_phase-high_gamma-dif_;cln,ica,dwn_feat_phase-high_gamma-sync_;cln,ica,dwn_feat_phase-low_gamma-dif_;cln,ica,dwn_feat_phase-low_gamma-sync_;cln,ica,dwn_feat_phase-theta-dif_;cln,ica,dwn_feat_phase-theta-sync_;cln,ica,dwn_feat_spearman_;cln,ica,dwn_feat_xcorr-tpeak_;cln,ica,dwn_feat_xcorr-twidth_;cln,ica,dwn_feat_xcorr-ypeak_
LR_C=1e-07_ica_timesingle_1	0.52026446281	0.541961100689	0.585632231405	0.723571445234	0.56696969697	0.528886146533	0.361611570248	0.447695354314	y	LogisticRegression(C=1e-07, class_weight=None, dual=False, fit_intercept=True, intercept_scaling=1, max_iter=5000, multi_class='ovr', n_jobs=1, penalty='l2', random_state=5440, solver='sag', tol=0.0001, verbose=0, warm_start=False)	cln,ica,dwn_feat_lmom-1_;cln,ica,dwn_feat_lmom-2_;cln,ica,dwn_feat_lmom-3_;cln,ica,dwn_feat_lmom-4_;cln,ica,dwn_feat_lmom-5_;cln,ica,dwn_feat_lmom-6_;cln,ica,dwn_feat_var_;cln,ica,dwn_feat_act_
LR_C=1e-05_ica_freqcross_1	0.595933884298	0.943504856621	0.756260330579	0.777581822847	0.952666666667	0.854589446501	0.309504132231	0.774975685843	y	LogisticRegression(C=1e-05, class_weight=None, dual=False, fit_intercept=True, intercept_scaling=1, max_iter=5000, multi_class='ovr', n_jobs=1, penalty='l2', random_state=5440, solver='sag', tol=0.0001, verbose=0, warm_start=False)	cln,ica,dwn_feat_coher_logf_;cln,ica,dwn_feat_FFTcorrcoef_;cln,ica,dwn_feat_FFTcorrcoefeig_;cln,ica,dwn_feat_PSDcorrcoef_;cln,ica,dwn_feat_PSDcorrcoefeig_;cln,ica,dwn_feat_PSDlogfcorrcoef_;cln,ica,dwn_feat_PSDlogfcorrcoefeig_
LR_C=1e-05_raw_freqcross_1	0.628768595041	0.893285987232	0.667574380165	0.787444387791	0.874539944904	0.294140500023	0.475371900826	0.689196868214	y	LogisticRegression(C=1e-05, class_weight=None, dual=False, fit_intercept=True, intercept_scaling=1, max_iter=5000, multi_class='ovr', n_jobs=1, penalty='l2', random_state=5440, solver='sag', tol=0.0001, verbose=0, warm_start=False)	cln,raw,dwn_feat_coher_logf_;cln,raw,dwn_feat_FFTcorrcoef_;cln,raw,dwn_feat_FFTcorrcoefeig_;cln,raw,dwn_feat_PSDcorrcoef_;cln,raw,dwn_feat_PSDcorrcoefeig_;cln,raw,dwn_feat_PSDlogfcorrcoef_;cln,raw,dwn_feat_PSDlogfcorrcoefeig_
LR_C=1e-07_ica_freqsingle_1	0.51720661157	0.557953943948	0.773979338843	0.667441888366	0.828633608815	0.730009369715	0.731652892562	0.610075465639	y	LogisticRegression(C=1e-07, class_weight=None, dual=False, fit_intercept=True, intercept_scaling=1, max_iter=5000, multi_class='ovr', n_jobs=1, penalty='l2', random_state=5440, solver='sag', tol=0.0001, verbose=0, warm_start=False)	cln,ica,dwn_feat_FFT_;cln,ica,dwn_feat_pib_;cln,ica,dwn_feat_pib_ratio_;cln,ica,dwn_feat_pib_ratioBB_;cln,ica,dwn_feat_psd_;cln,ica,dwn_feat_psd_logf_;cln,ica,dwn_feat_psd_logfBB_
LR_C=0.001_ica_timecross_1	0.681479338843	0.985705696994	0.848632231405	0.791788421996	0.976170798898	0.860219845514	0.456239669421	0.852062574548	y	LogisticRegression(C=0.001, class_weight=None, dual=False, fit_intercept=True, intercept_scaling=1, max_iter=5000, multi_class='ovr', n_jobs=1, penalty='l2', random_state=5440, solver='sag', tol=0.0001, verbose=0, warm_start=False)	cln,ica,dwn_feat_ampcorrcoef-alpha_;cln,ica,dwn_feat_ampcorrcoef-alpha-eig_;cln,ica,dwn_feat_ampcorrcoef-beta_;cln,ica,dwn_feat_ampcorrcoef-beta-eig_;cln,ica,dwn_feat_ampcorrcoef-delta_;cln,ica,dwn_feat_ampcorrcoef-delta-eig_;cln,ica,dwn_feat_ampcorrcoef-high_gamma_;cln,ica,dwn_feat_ampcorrcoef-high_gamma-eig_;cln,ica,dwn_feat_ampcorrcoef-low_gamma_;cln,ica,dwn_feat_ampcorrcoef-low_gamma-eig_;cln,ica,dwn_feat_ampcorrcoef-theta_;cln,ica,dwn_feat_ampcorrcoef-theta-eig_;cln,ica,dwn_feat_corrcoef_;cln,ica,dwn_feat_corrcoefeig_;cln,ica,dwn_feat_cov_;cln,ica,dwn_feat_phase-alpha-dif_;cln,ica,dwn_feat_phase-alpha-sync_;cln,ica,dwn_feat_phase-beta-dif_;cln,ica,dwn_feat_phase-beta-sync_;cln,ica,dwn_feat_phase-delta-dif_;cln,ica,dwn_feat_phase-delta-sync_;cln,ica,dwn_feat_phase-high_gamma-dif_;cln,ica,dwn_feat_phase-high_gamma-sync_;cln,ica,dwn_feat_phase-low_gamma-dif_;cln,ica,dwn_feat_phase-low_gamma-sync_;cln,ica,dwn_feat_phase-theta-dif_;cln,ica,dwn_feat_phase-theta-sync_;cln,ica,dwn_feat_spearman_;cln,ica,dwn_feat_xcorr-tpeak_;cln,ica,dwn_feat_xcorr-twidth_;cln,ica,dwn_feat_xcorr-ypeak_
LR_C=1e-09_raw_freqsingle_1	0.454227272727	0.561664547261	0.780142561983	0.675020645252	0.839391184573	0.305322740985	0.573842975207	0.496025705722	y	LogisticRegression(C=1e-09, class_weight=None, dual=False, fit_intercept=True, intercept_scaling=1, max_iter=5000, multi_class='ovr', n_jobs=1, penalty='l2', random_state=5440, solver='sag', tol=0.0001, verbose=0, warm_start=False)	cln,raw,dwn_feat_FFT_;cln,raw,dwn_feat_pib_;cln,raw,dwn_feat_pib_ratio_;cln,raw,dwn_feat_pib_ratioBB_;cln,raw,dwn_feat_psd_;cln,raw,dwn_feat_psd_logf_;cln,raw,dwn_feat_psd_logfBB_
LR_C=1e-05_raw_timecross_1	0.617446280992	0.922448440067	0.761090909091	0.76636720221	0.926639118457	0.412754524887	0.430247933884	0.729260023855	y	LogisticRegression(C=1e-05, class_weight=None, dual=False, fit_intercept=True, intercept_scaling=1, max_iter=5000, multi_class='ovr', n_jobs=1, penalty='l2', random_state=5440, solver='sag', tol=0.0001, verbose=0, warm_start=False)	cln,raw,dwn_feat_ampcorrcoef-alpha_;cln,raw,dwn_feat_ampcorrcoef-alpha-eig_;cln,raw,dwn_feat_ampcorrcoef-beta_;cln,raw,dwn_feat_ampcorrcoef-beta-eig_;cln,raw,dwn_feat_ampcorrcoef-delta_;cln,raw,dwn_feat_ampcorrcoef-delta-eig_;cln,raw,dwn_feat_ampcorrcoef-high_gamma_;cln,raw,dwn_feat_ampcorrcoef-high_gamma-eig_;cln,raw,dwn_feat_ampcorrcoef-low_gamma_;cln,raw,dwn_feat_ampcorrcoef-low_gamma-eig_;cln,raw,dwn_feat_ampcorrcoef-theta_;cln,raw,dwn_feat_ampcorrcoef-theta-eig_;cln,raw,dwn_feat_corrcoef_;cln,raw,dwn_feat_corrcoefeig_;cln,raw,dwn_feat_cov_;cln,raw,dwn_feat_phase-alpha-dif_;cln,raw,dwn_feat_phase-alpha-sync_;cln,raw,dwn_feat_phase-beta-dif_;cln,raw,dwn_feat_phase-beta-sync_;cln,raw,dwn_feat_phase-delta-dif_;cln,raw,dwn_feat_phase-delta-sync_;cln,raw,dwn_feat_phase-high_gamma-dif_;cln,raw,dwn_feat_phase-high_gamma-sync_;cln,raw,dwn_feat_phase-low_gamma-dif_;cln,raw,dwn_feat_phase-low_gamma-sync_;cln,raw,dwn_feat_phase-theta-dif_;cln,raw,dwn_feat_phase-theta-sync_;cln,raw,dwn_feat_spearman_;cln,raw,dwn_feat_xcorr-tpeak_;cln,raw,dwn_feat_xcorr-twidth_;cln,raw,dwn_feat_xcorr-ypeak_
LR_C=1e-05_ica_freqsingle_1	0.585429752066	0.786216149003	0.805958677686	0.80370358151	0.904644628099	0.819558709265	0.702190082645	0.782310609536	y	LogisticRegression(C=1e-05, class_weight=None, dual=False, fit_intercept=True, intercept_scaling=1, max_iter=5000, multi_class='ovr', n_jobs=1, penalty='l2', random_state=5440, solver='sag', tol=0.0001, verbose=0, warm_start=False)	cln,ica,dwn_feat_FFT_;cln,ica,dwn_feat_pib_;cln,ica,dwn_feat_pib_ratio_;cln,ica,dwn_feat_pib_ratioBB_;cln,ica,dwn_feat_psd_;cln,ica,dwn_feat_psd_logf_;cln,ica,dwn_feat_psd_logfBB_
LR_C=1e-09_ica_freqsingle_1	0.512925619835	0.562613620586	0.774225206612	0.65670572435	0.825338842975	0.726451448878	0.704772727273	0.517349603939	y	LogisticRegression(C=1e-09, class_weight=None, dual=False, fit_intercept=True, intercept_scaling=1, max_iter=5000, multi_class='ovr', n_jobs=1, penalty='l2', random_state=5440, solver='sag', tol=0.0001, verbose=0, warm_start=False)	cln,ica,dwn_feat_FFT_;cln,ica,dwn_feat_pib_;cln,ica,dwn_feat_pib_ratio_;cln,ica,dwn_feat_pib_ratioBB_;cln,ica,dwn_feat_psd_;cln,ica,dwn_feat_psd_logf_;cln,ica,dwn_feat_psd_logfBB_
LR_C=1e-09_ica_freqcross_1	0.563940082645	0.893980529736	0.740530991736	0.762254681423	0.932785123967	0.836554172951	0.28729338843	0.492828088204	y	LogisticRegression(C=1e-09, class_weight=None, dual=False, fit_intercept=True, intercept_scaling=1, max_iter=5000, multi_class='ovr', n_jobs=1, penalty='l2', random_state=5440, solver='sag', tol=0.0001, verbose=0, warm_start=False)	cln,ica,dwn_feat_coher_logf_;cln,ica,dwn_feat_FFTcorrcoef_;cln,ica,dwn_feat_FFTcorrcoefeig_;cln,ica,dwn_feat_PSDcorrcoef_;cln,ica,dwn_feat_PSDcorrcoefeig_;cln,ica,dwn_feat_PSDlogfcorrcoef_;cln,ica,dwn_feat_PSDlogfcorrcoefeig_
LR_C=0.001_raw_timesingle_1	0.529128099174	0.865580855851	0.745314049587	0.76018349113	0.842936639118	0.476875657023	0.412272727273	0.704882481573	y	LogisticRegression(C=0.001, class_weight=None, dual=False, fit_intercept=True, intercept_scaling=1, max_iter=5000, multi_class='ovr', n_jobs=1, penalty='l2', random_state=5440, solver='sag', tol=0.0001, verbose=0, warm_start=False)	cln,raw,dwn_feat_lmom-1_;cln,raw,dwn_feat_lmom-2_;cln,raw,dwn_feat_lmom-3_;cln,raw,dwn_feat_lmom-4_;cln,raw,dwn_feat_lmom-5_;cln,raw,dwn_feat_lmom-6_;cln,raw,dwn_feat_var_;cln,raw,dwn_feat_act_
LR_C=0.1_raw_freqsingle_1	0.436747933884	0.94987436408	0.813309917355	0.731481859172	0.974239669421	0.669884649664	0.575495867769	0.736534162156	y	LogisticRegression(C=0.1, class_weight=None, dual=False, fit_intercept=True, intercept_scaling=1, max_iter=5000, multi_class='ovr', n_jobs=1, penalty='l2', random_state=5440, solver='sag', tol=0.0001, verbose=0, warm_start=False)	cln,raw,dwn_feat_FFT_;cln,raw,dwn_feat_pib_;cln,raw,dwn_feat_pib_ratio_;cln,raw,dwn_feat_pib_ratioBB_;cln,raw,dwn_feat_psd_;cln,raw,dwn_feat_psd_logf_;cln,raw,dwn_feat_psd_logfBB_
LR_C=0.1_ica_freqcross_1	0.68182231405	0.999381927676	0.772537190083	0.759161792788	0.972539944904	0.91027783491	0.584338842975	0.817734807475	y	LogisticRegression(C=0.1, class_weight=None, dual=False, fit_intercept=True, intercept_scaling=1, max_iter=5000, multi_class='ovr', n_jobs=1, penalty='l2', random_state=5440, solver='sag', tol=0.0001, verbose=0, warm_start=False)	cln,ica,dwn_feat_coher_logf_;cln,ica,dwn_feat_FFTcorrcoef_;cln,ica,dwn_feat_FFTcorrcoefeig_;cln,ica,dwn_feat_PSDcorrcoef_;cln,ica,dwn_feat_PSDcorrcoefeig_;cln,ica,dwn_feat_PSDlogfcorrcoef_;cln,ica,dwn_feat_PSDlogfcorrcoefeig_
LR_C=0.1_ica_freqsingle_1	0.467330578512	0.941793571338	0.792409090909	0.736714022442	0.945614325069	0.792623634535	0.652396694215	0.78021194605	y	LogisticRegression(C=0.1, class_weight=None, dual=False, fit_intercept=True, intercept_scaling=1, max_iter=5000, multi_class='ovr', n_jobs=1, penalty='l2', random_state=5440, solver='sag', tol=0.0001, verbose=0, warm_start=False)	cln,ica,dwn_feat_FFT_;cln,ica,dwn_feat_pib_;cln,ica,dwn_feat_pib_ratio_;cln,ica,dwn_feat_pib_ratioBB_;cln,ica,dwn_feat_psd_;cln,ica,dwn_feat_psd_logf_;cln,ica,dwn_feat_psd_logfBB_
LR_C=100.0_ica_timecross_1	0.754851239669	0.995466565719	0.773320247934	0.774060732698	0.980710743802	0.881168871978	0.524917355372	0.826809722605	y	LogisticRegression(C=100.0, class_weight=None, dual=False, fit_intercept=True, intercept_scaling=1, max_iter=5000, multi_class='ovr', n_jobs=1, penalty='l2', random_state=5440, solver='sag', tol=0.0001, verbose=0, warm_start=False)	cln,ica,dwn_feat_ampcorrcoef-alpha_;cln,ica,dwn_feat_ampcorrcoef-alpha-eig_;cln,ica,dwn_feat_ampcorrcoef-beta_;cln,ica,dwn_feat_ampcorrcoef-beta-eig_;cln,ica,dwn_feat_ampcorrcoef-delta_;cln,ica,dwn_feat_ampcorrcoef-delta-eig_;cln,ica,dwn_feat_ampcorrcoef-high_gamma_;cln,ica,dwn_feat_ampcorrcoef-high_gamma-eig_;cln,ica,dwn_feat_ampcorrcoef-low_gamma_;cln,ica,dwn_feat_ampcorrcoef-low_gamma-eig_;cln,ica,dwn_feat_ampcorrcoef-theta_;cln,ica,dwn_feat_ampcorrcoef-theta-eig_;cln,ica,dwn_feat_corrcoef_;cln,ica,dwn_feat_corrcoefeig_;cln,ica,dwn_feat_cov_;cln,ica,dwn_feat_phase-alpha-dif_;cln,ica,dwn_feat_phase-alpha-sync_;cln,ica,dwn_feat_phase-beta-dif_;cln,ica,dwn_feat_phase-beta-sync_;cln,ica,dwn_feat_phase-delta-dif_;cln,ica,dwn_feat_phase-delta-sync_;cln,ica,dwn_feat_phase-high_gamma-dif_;cln,ica,dwn_feat_phase-high_gamma-sync_;cln,ica,dwn_feat_phase-low_gamma-dif_;cln,ica,dwn_feat_phase-low_gamma-sync_;cln,ica,dwn_feat_phase-theta-dif_;cln,ica,dwn_feat_phase-theta-sync_;cln,ica,dwn_feat_spearman_;cln,ica,dwn_feat_xcorr-tpeak_;cln,ica,dwn_feat_xcorr-twidth_;cln,ica,dwn_feat_xcorr-ypeak_
LR_C=100.0_ica_freqcross_1	0.68002892562	0.997155319169	0.746095041322	0.759754523126	0.972363636364	0.911326214635	0.593140495868	0.815245435361	y	LogisticRegression(C=100.0, class_weight=None, dual=False, fit_intercept=True, intercept_scaling=1, max_iter=5000, multi_class='ovr', n_jobs=1, penalty='l2', random_state=5440, solver='sag', tol=0.0001, verbose=0, warm_start=False)	cln,ica,dwn_feat_coher_logf_;cln,ica,dwn_feat_FFTcorrcoef_;cln,ica,dwn_feat_FFTcorrcoefeig_;cln,ica,dwn_feat_PSDcorrcoef_;cln,ica,dwn_feat_PSDcorrcoefeig_;cln,ica,dwn_feat_PSDlogfcorrcoef_;cln,ica,dwn_feat_PSDlogfcorrcoefeig_
LR_C=0.001_ica_timesingle_1	0.580599173554	0.759707719238	0.666194214876	0.800033192366	0.81885399449	0.654404623155	0.244876033058	0.655187326054	y	LogisticRegression(C=0.001, class_weight=None, dual=False, fit_intercept=True, intercept_scaling=1, max_iter=5000, multi_class='ovr', n_jobs=1, penalty='l2', random_state=5440, solver='sag', tol=0.0001, verbose=0, warm_start=False)	cln,ica,dwn_feat_lmom-1_;cln,ica,dwn_feat_lmom-2_;cln,ica,dwn_feat_lmom-3_;cln,ica,dwn_feat_lmom-4_;cln,ica,dwn_feat_lmom-5_;cln,ica,dwn_feat_lmom-6_;cln,ica,dwn_feat_var_;cln,ica,dwn_feat_act_
LR_C=1e-05_raw_timesingle_1	0.539268595041	0.613737017326	0.634314049587	0.771026930473	0.707079889807	0.219914072855	0.514256198347	0.662982307245	y	LogisticRegression(C=1e-05, class_weight=None, dual=False, fit_intercept=True, intercept_scaling=1, max_iter=5000, multi_class='ovr', n_jobs=1, penalty='l2', random_state=5440, solver='sag', tol=0.0001, verbose=0, warm_start=False)	cln,raw,dwn_feat_lmom-1_;cln,raw,dwn_feat_lmom-2_;cln,raw,dwn_feat_lmom-3_;cln,raw,dwn_feat_lmom-4_;cln,raw,dwn_feat_lmom-5_;cln,raw,dwn_feat_lmom-6_;cln,raw,dwn_feat_var_;cln,raw,dwn_feat_act_
LR_C=1e-09_raw_timesingle_1	0.469433884298	0.582136072941	0.624995867769	0.619449759889	0.566110192837	0.262450580465	0.522417355372	0.395058720984	y	LogisticRegression(C=1e-09, class_weight=None, dual=False, fit_intercept=True, intercept_scaling=1, max_iter=5000, multi_class='ovr', n_jobs=1, penalty='l2', random_state=5440, solver='sag', tol=0.0001, verbose=0, warm_start=False)	cln,raw,dwn_feat_lmom-1_;cln,raw,dwn_feat_lmom-2_;cln,raw,dwn_feat_lmom-3_;cln,raw,dwn_feat_lmom-4_;cln,raw,dwn_feat_lmom-5_;cln,raw,dwn_feat_lmom-6_;cln,raw,dwn_feat_var_;cln,raw,dwn_feat_act_
LR_C=1.0_ica_timecross_1	0.756619834711	0.995675268666	0.777617768595	0.774731811683	0.98082369146	0.88169163353	0.522520661157	0.826200186561	y	LogisticRegression(C=1.0, class_weight=None, dual=False, fit_intercept=True, intercept_scaling=1, max_iter=5000, multi_class='ovr', n_jobs=1, penalty='l2', random_state=5440, solver='sag', tol=0.0001, verbose=0, warm_start=False)	cln,ica,dwn_feat_ampcorrcoef-alpha_;cln,ica,dwn_feat_ampcorrcoef-alpha-eig_;cln,ica,dwn_feat_ampcorrcoef-beta_;cln,ica,dwn_feat_ampcorrcoef-beta-eig_;cln,ica,dwn_feat_ampcorrcoef-delta_;cln,ica,dwn_feat_ampcorrcoef-delta-eig_;cln,ica,dwn_feat_ampcorrcoef-high_gamma_;cln,ica,dwn_feat_ampcorrcoef-high_gamma-eig_;cln,ica,dwn_feat_ampcorrcoef-low_gamma_;cln,ica,dwn_feat_ampcorrcoef-low_gamma-eig_;cln,ica,dwn_feat_ampcorrcoef-theta_;cln,ica,dwn_feat_ampcorrcoef-theta-eig_;cln,ica,dwn_feat_corrcoef_;cln,ica,dwn_feat_corrcoefeig_;cln,ica,dwn_feat_cov_;cln,ica,dwn_feat_phase-alpha-dif_;cln,ica,dwn_feat_phase-alpha-sync_;cln,ica,dwn_feat_phase-beta-dif_;cln,ica,dwn_feat_phase-beta-sync_;cln,ica,dwn_feat_phase-delta-dif_;cln,ica,dwn_feat_phase-delta-sync_;cln,ica,dwn_feat_phase-high_gamma-dif_;cln,ica,dwn_feat_phase-high_gamma-sync_;cln,ica,dwn_feat_phase-low_gamma-dif_;cln,ica,dwn_feat_phase-low_gamma-sync_;cln,ica,dwn_feat_phase-theta-dif_;cln,ica,dwn_feat_phase-theta-sync_;cln,ica,dwn_feat_spearman_;cln,ica,dwn_feat_xcorr-tpeak_;cln,ica,dwn_feat_xcorr-twidth_;cln,ica,dwn_feat_xcorr-ypeak_
LR_C=0.1_raw_timecross_1	0.698314049587	0.98739400671	0.828384297521	0.765559821241	0.982366391185	0.82060994561	0.774214876033	0.839477474998	y	LogisticRegression(C=0.1, class_weight=None, dual=False, fit_intercept=True, intercept_scaling=1, max_iter=5000, multi_class='ovr', n_jobs=1, penalty='l2', random_state=5440, solver='sag', tol=0.0001, verbose=0, warm_start=False)	cln,raw,dwn_feat_ampcorrcoef-alpha_;cln,raw,dwn_feat_ampcorrcoef-alpha-eig_;cln,raw,dwn_feat_ampcorrcoef-beta_;cln,raw,dwn_feat_ampcorrcoef-beta-eig_;cln,raw,dwn_feat_ampcorrcoef-delta_;cln,raw,dwn_feat_ampcorrcoef-delta-eig_;cln,raw,dwn_feat_ampcorrcoef-high_gamma_;cln,raw,dwn_feat_ampcorrcoef-high_gamma-eig_;cln,raw,dwn_feat_ampcorrcoef-low_gamma_;cln,raw,dwn_feat_ampcorrcoef-low_gamma-eig_;cln,raw,dwn_feat_ampcorrcoef-theta_;cln,raw,dwn_feat_ampcorrcoef-theta-eig_;cln,raw,dwn_feat_corrcoef_;cln,raw,dwn_feat_corrcoefeig_;cln,raw,dwn_feat_cov_;cln,raw,dwn_feat_phase-alpha-dif_;cln,raw,dwn_feat_phase-alpha-sync_;cln,raw,dwn_feat_phase-beta-dif_;cln,raw,dwn_feat_phase-beta-sync_;cln,raw,dwn_feat_phase-delta-dif_;cln,raw,dwn_feat_phase-delta-sync_;cln,raw,dwn_feat_phase-high_gamma-dif_;cln,raw,dwn_feat_phase-high_gamma-sync_;cln,raw,dwn_feat_phase-low_gamma-dif_;cln,raw,dwn_feat_phase-low_gamma-sync_;cln,raw,dwn_feat_phase-theta-dif_;cln,raw,dwn_feat_phase-theta-sync_;cln,raw,dwn_feat_spearman_;cln,raw,dwn_feat_xcorr-tpeak_;cln,raw,dwn_feat_xcorr-twidth_;cln,raw,dwn_feat_xcorr-ypeak_
LR_C=1e-09_raw_timecross_1	0.617774793388	0.808388729429	0.607737603306	0.732761998074	0.8668815427	0.355407868276	0.371425619835	0.475856194758	y	LogisticRegression(C=1e-09, class_weight=None, dual=False, fit_intercept=True, intercept_scaling=1, max_iter=5000, multi_class='ovr', n_jobs=1, penalty='l2', random_state=5440, solver='sag', tol=0.0001, verbose=0, warm_start=False)	cln,raw,dwn_feat_ampcorrcoef-alpha_;cln,raw,dwn_feat_ampcorrcoef-alpha-eig_;cln,raw,dwn_feat_ampcorrcoef-beta_;cln,raw,dwn_feat_ampcorrcoef-beta-eig_;cln,raw,dwn_feat_ampcorrcoef-delta_;cln,raw,dwn_feat_ampcorrcoef-delta-eig_;cln,raw,dwn_feat_ampcorrcoef-high_gamma_;cln,raw,dwn_feat_ampcorrcoef-high_gamma-eig_;cln,raw,dwn_feat_ampcorrcoef-low_gamma_;cln,raw,dwn_feat_ampcorrcoef-low_gamma-eig_;cln,raw,dwn_feat_ampcorrcoef-theta_;cln,raw,dwn_feat_ampcorrcoef-theta-eig_;cln,raw,dwn_feat_corrcoef_;cln,raw,dwn_feat_corrcoefeig_;cln,raw,dwn_feat_cov_;cln,raw,dwn_feat_phase-alpha-dif_;cln,raw,dwn_feat_phase-alpha-sync_;cln,raw,dwn_feat_phase-beta-dif_;cln,raw,dwn_feat_phase-beta-sync_;cln,raw,dwn_feat_phase-delta-dif_;cln,raw,dwn_feat_phase-delta-sync_;cln,raw,dwn_feat_phase-high_gamma-dif_;cln,raw,dwn_feat_phase-high_gamma-sync_;cln,raw,dwn_feat_phase-low_gamma-dif_;cln,raw,dwn_feat_phase-low_gamma-sync_;cln,raw,dwn_feat_phase-theta-dif_;cln,raw,dwn_feat_phase-theta-sync_;cln,raw,dwn_feat_spearman_;cln,raw,dwn_feat_xcorr-tpeak_;cln,raw,dwn_feat_xcorr-twidth_;cln,raw,dwn_feat_xcorr-ypeak_
LR_C=0.01_raw_timecross_1	0.691425619835	0.989104010094	0.876491735537	0.763194865181	0.982721763085	0.809023492847	0.764132231405	0.86671345995	y	LogisticRegression(C=0.01, class_weight=None, dual=False, fit_intercept=True, intercept_scaling=1, max_iter=5000, multi_class='ovr', n_jobs=1, penalty='l2', random_state=5440, solver='sag', tol=0.0001, verbose=0, warm_start=False)	cln,raw,dwn_feat_ampcorrcoef-alpha_;cln,raw,dwn_feat_ampcorrcoef-alpha-eig_;cln,raw,dwn_feat_ampcorrcoef-beta_;cln,raw,dwn_feat_ampcorrcoef-beta-eig_;cln,raw,dwn_feat_ampcorrcoef-delta_;cln,raw,dwn_feat_ampcorrcoef-delta-eig_;cln,raw,dwn_feat_ampcorrcoef-high_gamma_;cln,raw,dwn_feat_ampcorrcoef-high_gamma-eig_;cln,raw,dwn_feat_ampcorrcoef-low_gamma_;cln,raw,dwn_feat_ampcorrcoef-low_gamma-eig_;cln,raw,dwn_feat_ampcorrcoef-theta_;cln,raw,dwn_feat_ampcorrcoef-theta-eig_;cln,raw,dwn_feat_corrcoef_;cln,raw,dwn_feat_corrcoefeig_;cln,raw,dwn_feat_cov_;cln,raw,dwn_feat_phase-alpha-dif_;cln,raw,dwn_feat_phase-alpha-sync_;cln,raw,dwn_feat_phase-beta-dif_;cln,raw,dwn_feat_phase-beta-sync_;cln,raw,dwn_feat_phase-delta-dif_;cln,raw,dwn_feat_phase-delta-sync_;cln,raw,dwn_feat_phase-high_gamma-dif_;cln,raw,dwn_feat_phase-high_gamma-sync_;cln,raw,dwn_feat_phase-low_gamma-dif_;cln,raw,dwn_feat_phase-low_gamma-sync_;cln,raw,dwn_feat_phase-theta-dif_;cln,raw,dwn_feat_phase-theta-sync_;cln,raw,dwn_feat_spearman_;cln,raw,dwn_feat_xcorr-tpeak_;cln,raw,dwn_feat_xcorr-twidth_;cln,raw,dwn_feat_xcorr-ypeak_
LR_C=1e-07_raw_freqsingle_1	0.460419421488	0.554957555352	0.785004132231	0.691750530711	0.843289256198	0.304737133781	0.576198347107	0.572027479585	y	LogisticRegression(C=1e-07, class_weight=None, dual=False, fit_intercept=True, intercept_scaling=1, max_iter=5000, multi_class='ovr', n_jobs=1, penalty='l2', random_state=5440, solver='sag', tol=0.0001, verbose=0, warm_start=False)	cln,raw,dwn_feat_FFT_;cln,raw,dwn_feat_pib_;cln,raw,dwn_feat_pib_ratio_;cln,raw,dwn_feat_pib_ratioBB_;cln,raw,dwn_feat_psd_;cln,raw,dwn_feat_psd_logf_;cln,raw,dwn_feat_psd_logfBB_
LR_C=1e-07_raw_timecross_1	0.585524793388	0.787915108338	0.605260330579	0.746376400095	0.750212121212	0.358454454043	0.387561983471	0.507412377282	y	LogisticRegression(C=1e-07, class_weight=None, dual=False, fit_intercept=True, intercept_scaling=1, max_iter=5000, multi_class='ovr', n_jobs=1, penalty='l2', random_state=5440, solver='sag', tol=0.0001, verbose=0, warm_start=False)	cln,raw,dwn_feat_ampcorrcoef-alpha_;cln,raw,dwn_feat_ampcorrcoef-alpha-eig_;cln,raw,dwn_feat_ampcorrcoef-beta_;cln,raw,dwn_feat_ampcorrcoef-beta-eig_;cln,raw,dwn_feat_ampcorrcoef-delta_;cln,raw,dwn_feat_ampcorrcoef-delta-eig_;cln,raw,dwn_feat_ampcorrcoef-high_gamma_;cln,raw,dwn_feat_ampcorrcoef-high_gamma-eig_;cln,raw,dwn_feat_ampcorrcoef-low_gamma_;cln,raw,dwn_feat_ampcorrcoef-low_gamma-eig_;cln,raw,dwn_feat_ampcorrcoef-theta_;cln,raw,dwn_feat_ampcorrcoef-theta-eig_;cln,raw,dwn_feat_corrcoef_;cln,raw,dwn_feat_corrcoefeig_;cln,raw,dwn_feat_cov_;cln,raw,dwn_feat_phase-alpha-dif_;cln,raw,dwn_feat_phase-alpha-sync_;cln,raw,dwn_feat_phase-beta-dif_;cln,raw,dwn_feat_phase-beta-sync_;cln,raw,dwn_feat_phase-delta-dif_;cln,raw,dwn_feat_phase-delta-sync_;cln,raw,dwn_feat_phase-high_gamma-dif_;cln,raw,dwn_feat_phase-high_gamma-sync_;cln,raw,dwn_feat_phase-low_gamma-dif_;cln,raw,dwn_feat_phase-low_gamma-sync_;cln,raw,dwn_feat_phase-theta-dif_;cln,raw,dwn_feat_phase-theta-sync_;cln,raw,dwn_feat_spearman_;cln,raw,dwn_feat_xcorr-tpeak_;cln,raw,dwn_feat_xcorr-twidth_;cln,raw,dwn_feat_xcorr-ypeak_
LR_C=1e-07_ica_timecross_1	0.522138429752	0.773729643451	0.689973140496	0.749695470042	0.898873278237	0.876981066319	0.143760330579	0.515891977857	y	LogisticRegression(C=1e-07, class_weight=None, dual=False, fit_intercept=True, intercept_scaling=1, max_iter=5000, multi_class='ovr', n_jobs=1, penalty='l2', random_state=5440, solver='sag', tol=0.0001, verbose=0, warm_start=False)	cln,ica,dwn_feat_ampcorrcoef-alpha_;cln,ica,dwn_feat_ampcorrcoef-alpha-eig_;cln,ica,dwn_feat_ampcorrcoef-beta_;cln,ica,dwn_feat_ampcorrcoef-beta-eig_;cln,ica,dwn_feat_ampcorrcoef-delta_;cln,ica,dwn_feat_ampcorrcoef-delta-eig_;cln,ica,dwn_feat_ampcorrcoef-high_gamma_;cln,ica,dwn_feat_ampcorrcoef-high_gamma-eig_;cln,ica,dwn_feat_ampcorrcoef-low_gamma_;cln,ica,dwn_feat_ampcorrcoef-low_gamma-eig_;cln,ica,dwn_feat_ampcorrcoef-theta_;cln,ica,dwn_feat_ampcorrcoef-theta-eig_;cln,ica,dwn_feat_corrcoef_;cln,ica,dwn_feat_corrcoefeig_;cln,ica,dwn_feat_cov_;cln,ica,dwn_feat_phase-alpha-dif_;cln,ica,dwn_feat_phase-alpha-sync_;cln,ica,dwn_feat_phase-beta-dif_;cln,ica,dwn_feat_phase-beta-sync_;cln,ica,dwn_feat_phase-delta-dif_;cln,ica,dwn_feat_phase-delta-sync_;cln,ica,dwn_feat_phase-high_gamma-dif_;cln,ica,dwn_feat_phase-high_gamma-sync_;cln,ica,dwn_feat_phase-low_gamma-dif_;cln,ica,dwn_feat_phase-low_gamma-sync_;cln,ica,dwn_feat_phase-theta-dif_;cln,ica,dwn_feat_phase-theta-sync_;cln,ica,dwn_feat_spearman_;cln,ica,dwn_feat_xcorr-tpeak_;cln,ica,dwn_feat_xcorr-twidth_;cln,ica,dwn_feat_xcorr-ypeak_
LR_C=100.0_raw_timecross_1	0.680252066116	0.98701698062	0.817458677686	0.776503937428	0.981344352617	0.878145139175	0.778140495868	0.850586598159	y	LogisticRegression(C=100.0, class_weight=None, dual=False, fit_intercept=True, intercept_scaling=1, max_iter=5000, multi_class='ovr', n_jobs=1, penalty='l2', random_state=5440, solver='sag', tol=0.0001, verbose=0, warm_start=False)	cln,raw,dwn_feat_ampcorrcoef-alpha_;cln,raw,dwn_feat_ampcorrcoef-alpha-eig_;cln,raw,dwn_feat_ampcorrcoef-beta_;cln,raw,dwn_feat_ampcorrcoef-beta-eig_;cln,raw,dwn_feat_ampcorrcoef-delta_;cln,raw,dwn_feat_ampcorrcoef-delta-eig_;cln,raw,dwn_feat_ampcorrcoef-high_gamma_;cln,raw,dwn_feat_ampcorrcoef-high_gamma-eig_;cln,raw,dwn_feat_ampcorrcoef-low_gamma_;cln,raw,dwn_feat_ampcorrcoef-low_gamma-eig_;cln,raw,dwn_feat_ampcorrcoef-theta_;cln,raw,dwn_feat_ampcorrcoef-theta-eig_;cln,raw,dwn_feat_corrcoef_;cln,raw,dwn_feat_corrcoefeig_;cln,raw,dwn_feat_cov_;cln,raw,dwn_feat_phase-alpha-dif_;cln,raw,dwn_feat_phase-alpha-sync_;cln,raw,dwn_feat_phase-beta-dif_;cln,raw,dwn_feat_phase-beta-sync_;cln,raw,dwn_feat_phase-delta-dif_;cln,raw,dwn_feat_phase-delta-sync_;cln,raw,dwn_feat_phase-high_gamma-dif_;cln,raw,dwn_feat_phase-high_gamma-sync_;cln,raw,dwn_feat_phase-low_gamma-dif_;cln,raw,dwn_feat_phase-low_gamma-sync_;cln,raw,dwn_feat_phase-theta-dif_;cln,raw,dwn_feat_phase-theta-sync_;cln,raw,dwn_feat_spearman_;cln,raw,dwn_feat_xcorr-tpeak_;cln,raw,dwn_feat_xcorr-twidth_;cln,raw,dwn_feat_xcorr-ypeak_
LR_C=10.0_raw_freqsingle_1	0.402326446281	0.958291236113	0.813871900826	0.729573031536	0.973829201102	0.675005141917	0.579421487603	0.725463651099	y	LogisticRegression(C=10.0, class_weight=None, dual=False, fit_intercept=True, intercept_scaling=1, max_iter=5000, multi_class='ovr', n_jobs=1, penalty='l2', random_state=5440, solver='sag', tol=0.0001, verbose=0, warm_start=False)	cln,raw,dwn_feat_FFT_;cln,raw,dwn_feat_pib_;cln,raw,dwn_feat_pib_ratio_;cln,raw,dwn_feat_pib_ratioBB_;cln,raw,dwn_feat_psd_;cln,raw,dwn_feat_psd_logf_;cln,raw,dwn_feat_psd_logfBB_
LR_C=10.0_raw_freqcross_1	0.608888429752	0.986729391607	0.818268595041	0.726653736307	0.976567493113	0.864033433886	0.57347107438	0.783015414258	y	LogisticRegression(C=10.0, class_weight=None, dual=False, fit_intercept=True, intercept_scaling=1, max_iter=5000, multi_class='ovr', n_jobs=1, penalty='l2', random_state=5440, solver='sag', tol=0.0001, verbose=0, warm_start=False)	cln,raw,dwn_feat_coher_logf_;cln,raw,dwn_feat_FFTcorrcoef_;cln,raw,dwn_feat_FFTcorrcoefeig_;cln,raw,dwn_feat_PSDcorrcoef_;cln,raw,dwn_feat_PSDcorrcoefeig_;cln,raw,dwn_feat_PSDlogfcorrcoef_;cln,raw,dwn_feat_PSDlogfcorrcoefeig_
LR_C=1.0_raw_freqsingle_1	0.404644628099	0.958411660623	0.814896694215	0.729734327771	0.973862258953	0.674536656154	0.578842975207	0.726549759917	y	LogisticRegression(C=1.0, class_weight=None, dual=False, fit_intercept=True, intercept_scaling=1, max_iter=5000, multi_class='ovr', n_jobs=1, penalty='l2', random_state=5440, solver='sag', tol=0.0001, verbose=0, warm_start=False)	cln,raw,dwn_feat_FFT_;cln,raw,dwn_feat_pib_;cln,raw,dwn_feat_pib_ratio_;cln,raw,dwn_feat_pib_ratioBB_;cln,raw,dwn_feat_psd_;cln,raw,dwn_feat_psd_logf_;cln,raw,dwn_feat_psd_logfBB_
LR_C=10.0_raw_timecross_1	0.680772727273	0.987052627261	0.817745867769	0.776446683929	0.98138292011	0.876941073632	0.77805785124	0.850332064104	y	LogisticRegression(C=10.0, class_weight=None, dual=False, fit_intercept=True, intercept_scaling=1, max_iter=5000, multi_class='ovr', n_jobs=1, penalty='l2', random_state=5440, solver='sag', tol=0.0001, verbose=0, warm_start=False)	cln,raw,dwn_feat_ampcorrcoef-alpha_;cln,raw,dwn_feat_ampcorrcoef-alpha-eig_;cln,raw,dwn_feat_ampcorrcoef-beta_;cln,raw,dwn_feat_ampcorrcoef-beta-eig_;cln,raw,dwn_feat_ampcorrcoef-delta_;cln,raw,dwn_feat_ampcorrcoef-delta-eig_;cln,raw,dwn_feat_ampcorrcoef-high_gamma_;cln,raw,dwn_feat_ampcorrcoef-high_gamma-eig_;cln,raw,dwn_feat_ampcorrcoef-low_gamma_;cln,raw,dwn_feat_ampcorrcoef-low_gamma-eig_;cln,raw,dwn_feat_ampcorrcoef-theta_;cln,raw,dwn_feat_ampcorrcoef-theta-eig_;cln,raw,dwn_feat_corrcoef_;cln,raw,dwn_feat_corrcoefeig_;cln,raw,dwn_feat_cov_;cln,raw,dwn_feat_phase-alpha-dif_;cln,raw,dwn_feat_phase-alpha-sync_;cln,raw,dwn_feat_phase-beta-dif_;cln,raw,dwn_feat_phase-beta-sync_;cln,raw,dwn_feat_phase-delta-dif_;cln,raw,dwn_feat_phase-delta-sync_;cln,raw,dwn_feat_phase-high_gamma-dif_;cln,raw,dwn_feat_phase-high_gamma-sync_;cln,raw,dwn_feat_phase-low_gamma-dif_;cln,raw,dwn_feat_phase-low_gamma-sync_;cln,raw,dwn_feat_phase-theta-dif_;cln,raw,dwn_feat_phase-theta-sync_;cln,raw,dwn_feat_spearman_;cln,raw,dwn_feat_xcorr-tpeak_;cln,raw,dwn_feat_xcorr-twidth_;cln,raw,dwn_feat_xcorr-ypeak_
LR_C=1.0_ica_freqsingle_1	0.450148760331	0.940747690019	0.784479338843	0.73321649354	0.94526446281	0.78907714018	0.653223140496	0.773939810992	y	LogisticRegression(C=1.0, class_weight=None, dual=False, fit_intercept=True, intercept_scaling=1, max_iter=5000, multi_class='ovr', n_jobs=1, penalty='l2', random_state=5440, solver='sag', tol=0.0001, verbose=0, warm_start=False)	cln,ica,dwn_feat_FFT_;cln,ica,dwn_feat_pib_;cln,ica,dwn_feat_pib_ratio_;cln,ica,dwn_feat_pib_ratioBB_;cln,ica,dwn_feat_psd_;cln,ica,dwn_feat_psd_logf_;cln,ica,dwn_feat_psd_logfBB_
LR_C=100.0_ica_freqsingle_1	0.447347107438	0.940539381502	0.784037190083	0.732868040351	0.945231404959	0.787541706659	0.652768595041	0.772197449307	y	LogisticRegression(C=100.0, class_weight=None, dual=False, fit_intercept=True, intercept_scaling=1, max_iter=5000, multi_class='ovr', n_jobs=1, penalty='l2', random_state=5440, solver='sag', tol=0.0001, verbose=0, warm_start=False)	cln,ica,dwn_feat_FFT_;cln,ica,dwn_feat_pib_;cln,ica,dwn_feat_pib_ratio_;cln,ica,dwn_feat_pib_ratioBB_;cln,ica,dwn_feat_psd_;cln,ica,dwn_feat_psd_logf_;cln,ica,dwn_feat_psd_logfBB_
LR_C=0.001_ica_freqsingle_1	0.602157024793	0.937047095376	0.83391322314	0.778780280535	0.979950413223	0.799042460807	0.615743801653	0.816441493103	y	LogisticRegression(C=0.001, class_weight=None, dual=False, fit_intercept=True, intercept_scaling=1, max_iter=5000, multi_class='ovr', n_jobs=1, penalty='l2', random_state=5440, solver='sag', tol=0.0001, verbose=0, warm_start=False)	cln,ica,dwn_feat_FFT_;cln,ica,dwn_feat_pib_;cln,ica,dwn_feat_pib_ratio_;cln,ica,dwn_feat_pib_ratioBB_;cln,ica,dwn_feat_psd_;cln,ica,dwn_feat_psd_logf_;cln,ica,dwn_feat_psd_logfBB_
LR_C=100.0_raw_freqsingle_1	0.402004132231	0.958336077911	0.813768595041	0.729599358814	0.973818181818	0.675093697153	0.579338842975	0.725331299508	y	LogisticRegression(C=100.0, class_weight=None, dual=False, fit_intercept=True, intercept_scaling=1, max_iter=5000, multi_class='ovr', n_jobs=1, penalty='l2', random_state=5440, solver='sag', tol=0.0001, verbose=0, warm_start=False)	cln,raw,dwn_feat_FFT_;cln,raw,dwn_feat_pib_;cln,raw,dwn_feat_pib_ratio_;cln,raw,dwn_feat_pib_ratioBB_;cln,raw,dwn_feat_psd_;cln,raw,dwn_feat_psd_logf_;cln,raw,dwn_feat_psd_logfBB_
LR_C=0.01_raw_freqsingle_1	0.475301652893	0.97330318045	0.855132231405	0.740982040797	0.974848484848	0.659412278898	0.562272727273	0.748959690491	y	LogisticRegression(C=0.01, class_weight=None, dual=False, fit_intercept=True, intercept_scaling=1, max_iter=5000, multi_class='ovr', n_jobs=1, penalty='l2', random_state=5440, solver='sag', tol=0.0001, verbose=0, warm_start=False)	cln,raw,dwn_feat_FFT_;cln,raw,dwn_feat_pib_;cln,raw,dwn_feat_pib_ratio_;cln,raw,dwn_feat_pib_ratioBB_;cln,raw,dwn_feat_psd_;cln,raw,dwn_feat_psd_logf_;cln,raw,dwn_feat_psd_logfBB_
LR_C=0.001_raw_freqsingle_1	0.528917355372	0.961130616786	0.861119834711	0.761878467952	0.962870523416	0.630070501394	0.532024793388	0.772857142857	y	LogisticRegression(C=0.001, class_weight=None, dual=False, fit_intercept=True, intercept_scaling=1, max_iter=5000, multi_class='ovr', n_jobs=1, penalty='l2', random_state=5440, solver='sag', tol=0.0001, verbose=0, warm_start=False)	cln,raw,dwn_feat_FFT_;cln,raw,dwn_feat_pib_;cln,raw,dwn_feat_pib_ratio_;cln,raw,dwn_feat_pib_ratioBB_;cln,raw,dwn_feat_psd_;cln,raw,dwn_feat_psd_logf_;cln,raw,dwn_feat_psd_logfBB_
LR_C=10.0_ica_freqsingle_1	0.447520661157	0.940562283113	0.78402892562	0.732875371998	0.945236914601	0.787888786051	0.652851239669	0.772381411139	y	LogisticRegression(C=10.0, class_weight=None, dual=False, fit_intercept=True, intercept_scaling=1, max_iter=5000, multi_class='ovr', n_jobs=1, penalty='l2', random_state=5440, solver='sag', tol=0.0001, verbose=0, warm_start=False)	cln,ica,dwn_feat_FFT_;cln,ica,dwn_feat_pib_;cln,ica,dwn_feat_pib_ratio_;cln,ica,dwn_feat_pib_ratioBB_;cln,ica,dwn_feat_psd_;cln,ica,dwn_feat_psd_logf_;cln,ica,dwn_feat_psd_logfBB_
LR_C=0.01_ica_freqsingle_1	0.536859504132	0.941918556448	0.826582644628	0.738514574981	0.947641873278	0.798541123909	0.649628099174	0.785921414809	y	LogisticRegression(C=0.01, class_weight=None, dual=False, fit_intercept=True, intercept_scaling=1, max_iter=5000, multi_class='ovr', n_jobs=1, penalty='l2', random_state=5440, solver='sag', tol=0.0001, verbose=0, warm_start=False)	cln,ica,dwn_feat_FFT_;cln,ica,dwn_feat_pib_;cln,ica,dwn_feat_pib_ratio_;cln,ica,dwn_feat_pib_ratioBB_;cln,ica,dwn_feat_psd_;cln,ica,dwn_feat_psd_logf_;cln,ica,dwn_feat_psd_logfBB_
